{
  "experiment_name": "fine_grained_vector_retrieval",
  "timestamp": "2026-03-28T18:40:14.609183",
  "config": {
    "vector_store_path": "e:/Code_Personal/Subject/test02/data/hotpotqa/vector_stores/single_sentence",
    "test_data_path": "e:/Code_Personal/Subject/test02/data/hotpotqa/validation-00000-of-00001.parquet",
    "top_k_values": [
      1,
      3,
      5,
      10,
      20,
      50
    ],
    "sample_size": 7405,
    "total_test_samples": 7405
  },
  "metrics": {
    "recall_at_k": {
      "1": 0.1511402871995631,
      "3": 0.26918229821328676,
      "5": 0.30940680176858615,
      "10": 0.35602878980169483,
      "20": 0.40048728462368527,
      "50": 0.45264292232766273
    },
    "precision_at_k": {
      "1": 0.7675894665766374,
      "3": 0.4836821967139321,
      "5": 0.34171505739365293,
      "10": 0.2020931802835922,
      "20": 0.11603646185010129,
      "50": 0.05361782579338286
    },
    "mrr": 0.8313557157632917,
    "ndcg": 0.4683353376697908,
    "map_score": 0.30533791591347487,
    "hit_rate": 0.9347738014854828,
    "title_recall": 0.8072923700202566,
    "title_precision": 0.03693793713472715,
    "exact_match": 0.0037817396002160996,
    "f1_score": 0.056925371014524544,
    "semantic_similarity": 0.5163828080043441
  }
}