{
  "experiment_name": "one_hop_expansion",
  "timestamp": "2026-03-29T10:38:31.025676",
  "config": {
    "test_data_path": "e:/Code_Personal/Subject/test02/data/hotpotqa/validation-00000-of-00001.parquet",
    "documents_path": "e:/Code_Personal/Subject/test02/data/hotpotqa/valid_title_sentence.json",
    "use_neo4j": true,
    "top_k_values": [
      1,
      3,
      5,
      10,
      20,
      50
    ],
    "sample_size": 7405,
    "total_test_samples": 7405,
    "graph_stats": {
      "total_nodes": 899091,
      "total_edges": 1183727
    }
  },
  "metrics": {
    "recall_at_k": {
      "1": 0.07191087103308576,
      "3": 0.21890614449696152,
      "5": 0.3515192437542201,
      "10": 0.5630654962862931,
      "20": 0.6434841323430115,
      "50": 0.6548953409858204
    },
    "precision_at_k": {
      "1": 0.14382174206617152,
      "3": 0.145937429664641,
      "5": 0.14060769750168806,
      "10": 0.11261309925725863,
      "20": 0.06434841323430114,
      "50": 0.026195813639432818
    },
    "mrr": 0.3278021385815216,
    "ndcg": 0.37164269913596054,
    "map_score": 0.2335955546645741,
    "hit_rate": 0.7958136394328157,
    "title_recall": 0.6558406482106685,
    "title_precision": 0.15144399605402747,
    "graph_coverage": 7.791859574854526e-05,
    "avg_expanded_entities": 70.0559081701553,
    "avg_expanded_edges": 72.23214044564483,
    "exact_match": 0.2920999324780554,
    "f1_score": 0.41646295384300364,
    "semantic_similarity": 0.6987884133522515,
    "recall_improvement": {
      "1": -28.089128966914245,
      "3": 118.9061444969615,
      "5": 251.51924375422004,
      "10": 463.06549628629307,
      "20": 543.4841323430115,
      "50": 554.8953409858203
    }
  }
}