{
  "experiment_name": "parameter_sensitivity_combination",
  "timestamp": "20260402_091220",
  "config": {
    "total_combinations": 15
  },
  "analysis": {
    "total_combinations": 15,
    "valid_combinations": 15,
    "best_recall": {
      "params": {
        "k1": 15,
        "k2": 20,
        "k4": 10,
        "threshold": 0.5
      },
      "recall": 0.753
    },
    "best_f1": {
      "params": {
        "k1": 20,
        "k2": 30,
        "k4": 5,
        "threshold": 0.5
      },
      "f1": 0.11865785346581197
    },
    "best_exact_match": {
      "params": {
        "k1": 5,
        "k2": 10,
        "k4": 3,
        "threshold": 0.2
      },
      "em": 0.0
    },
    "overall_metrics": {
      "recall_mean": 0.6973333333333334,
      "recall_std": 0.05215319314822014,
      "recall_range": 0.16400000000000003,
      "f1_mean": 0.11392889607750807,
      "f1_std": 0.0022236158714257753,
      "f1_range": 0.00846458195342173,
      "em_mean": 0.0,
      "em_std": 0.0,
      "em_range": 0.0
    },
    "param_impact": {
      "k1": {
        "param_values": [
          5,
          10,
          15,
          20
        ],
        "recall_means": [
          0.6724999999999999,
          0.69625,
          0.6984999999999999,
          0.7303333333333333
        ],
        "recall_std": 0.020562183381554293,
        "precision_means": [
          0.2526380952380952,
          0.26075,
          0.2612357142857143,
          0.21412380952380952
        ],
        "precision_std": 0.019392075351835014,
        "f1_means": [
          0.11457969948227768,
          0.11430221536653468,
          0.1117355201699062,
          0.11548790036258229
        ],
        "f1_std": 0.001393406627815296,
        "em_means": [
          0.0,
          0.0,
          0.0,
          0.0
        ],
        "em_std": 0.0
      },
      "k2": {
        "param_values": [
          10,
          20,
          30
        ],
        "recall_means": [
          0.7030000000000001,
          0.69425,
          0.6904999999999999
        ],
        "recall_std": 0.005237418787490288,
        "precision_means": [
          0.23794421768707483,
          0.2595928571428571,
          0.2592214285714286
        ],
        "precision_std": 0.010118856174310251,
        "f1_means": [
          0.11426750738407838,
          0.11303188113723343,
          0.11423334123128469
        ],
        "f1_std": 0.0005745960808821862,
        "em_means": [
          0.0,
          0.0,
          0.0
        ],
        "em_std": 0.0
      },
      "k4": {
        "param_values": [
          3,
          5,
          7,
          10
        ],
        "recall_means": [
          0.6003333333333333,
          0.70075,
          0.7227499999999999,
          0.7412500000000001
        ],
        "recall_std": 0.054425036843503104,
        "precision_means": [
          0.4002222222222222,
          0.28030000000000005,
          0.20649999999999993,
          0.14825
        ],
        "precision_std": 0.09409979560851775,
        "f1_means": [
          0.11437283323398846,
          0.11413883522176822,
          0.11284874605758072,
          0.11446615408581498
        ],
        "f1_std": 0.0006506622584197723,
        "em_means": [
          0.0,
          0.0,
          0.0,
          0.0
        ],
        "em_std": 0.0
      },
      "threshold": {
        "param_values": [
          0.2,
          0.3,
          0.4,
          0.5
        ],
        "recall_means": [
          0.6922499999999999,
          0.6833333333333332,
          0.69375,
          0.7164999999999999
        ],
        "recall_std": 0.012237025441939175,
        "precision_means": [
          0.2579595238095238,
          0.25184761904761904,
          0.25945,
          0.22892142857142855
        ],
        "precision_std": 0.012242824310373462,
        "f1_means": [
          0.11397684273400098,
          0.11333277212081146,
          0.11327530811344563,
          0.11498163035260006
        ],
        "f1_std": 0.0006869382751389788,
        "em_means": [
          0.0,
          0.0,
          0.0,
          0.0
        ],
        "em_std": 0.0
      }
    },
    "robustness": {
      "overall_std": 0.00783292545357108,
      "level": "强",
      "conclusion": "方法具有良好的鲁棒性，性能对参数变化不敏感"
    }
  }
}