{
  "experiment_name": "complexity_stratified_comparison",
  "query_type": "comparison",
  "timestamp": "2026-04-02T14:45:31.454542",
  "config": {
    "test_data_path": "e:/Code_Personal/Subject/test02/data/hotpotqa/validation-00000-of-00001.parquet",
    "documents_path": "e:/Code_Personal/Subject/test02/data/hotpotqa/valid_title_sentence.json",
    "vector_store_paths": {
      "paragraph": "e:/Code_Personal/Subject/test02/data/hotpotqa/vector_stores/valid_title_sentence",
      "sentence": "e:/Code_Personal/Subject/test02/data/hotpotqa/vector_stores/single_sentence"
    },
    "use_neo4j": true,
    "k1": 10,
    "k2": 20,
    "k4": 7,
    "theta1": 10,
    "sample_size": 1487,
    "total_test_samples": 1487,
    "graph_stats": {
      "total_nodes": 899091,
      "total_edges": 1183727
    }
  },
  "metrics": {
    "recall_at_k": {
      "7": 0.8977807666442502
    },
    "precision_at_k": {
      "7": 0.2565087904697857
    },
    "mrr": 0.739123194671278,
    "ndcg": 0.7269215372097544,
    "map_score": 0.6141271976174464,
    "hit_rate": 0.9892400806993947,
    "title_recall": 0.8977807666442502,
    "title_precision": 0.2760863995900983,
    "exact_match": 0.710827168796234,
    "f1_score": 0.14096108614298228,
    "semantic_similarity": 0.582166911244257,
    "avg_vector_latency": 0.38051601392595896,
    "avg_graph_latency": 0.09899852030535392,
    "avg_total_latency": 5.296804589237555,
    "recall_improvement": {
      "7": 797.7807666442502
    },
    "graph_coverage": 899091
  }
}