{
  "experiment_name": "complexity_stratified_bridge",
  "query_type": "bridge",
  "timestamp": "2026-04-03T06:19:36.284288",
  "config": {
    "test_data_path": "e:/Code_Personal/Subject/test02/data/hotpotqa/validation-00000-of-00001.parquet",
    "documents_path": "e:/Code_Personal/Subject/test02/data/hotpotqa/valid_title_sentence.json",
    "vector_store_paths": {
      "paragraph": "e:/Code_Personal/Subject/test02/data/hotpotqa/vector_stores/valid_title_sentence",
      "sentence": "e:/Code_Personal/Subject/test02/data/hotpotqa/vector_stores/single_sentence"
    },
    "use_neo4j": true,
    "k1": 10,
    "k2": 20,
    "k4": 7,
    "theta1": 10,
    "sample_size": 5918,
    "total_test_samples": 5918,
    "graph_stats": {
      "total_nodes": 899091,
      "total_edges": 1183727
    }
  },
  "metrics": {
    "recall_at_k": {
      "7": 0.6839303818857723
    },
    "precision_at_k": {
      "7": 0.195408680538792
    },
    "mrr": 0.695845201886094,
    "ndcg": 0.6002311521062971,
    "map_score": 0.5013318930140491,
    "hit_rate": 0.9085839810746874,
    "title_recall": 0.6839303818857723,
    "title_precision": 0.2170014000869019,
    "exact_match": 0.34893545116593444,
    "f1_score": 0.10788968415047244,
    "semantic_similarity": 0.568880450049932,
    "avg_vector_latency": 0.30864564052664295,
    "avg_graph_latency": 0.07792972599827547,
    "avg_total_latency": 5.597308714472792,
    "recall_improvement": {
      "7": 583.9303818857722
    },
    "graph_coverage": 899091
  }
}