{
  "experiment_name": "exp3_comprehensive_report",
  "timestamp": "2026-04-02T09:13:31.204499",
  "total_samples": 7405,
  "sentence_level_metrics": {
    "recall_at_k": {
      "1": 0.1487884165104203,
      "3": 0.37844510751186256,
      "5": 0.5162901605168188,
      "7": 0.5963639272797616,
      "10": 0.664330906690047,
      "20": 0.7538029362014288,
      "50": 0.8074544997400722
    },
    "precision_at_k": {
      "1": 0.7675894665766374,
      "3": 0.7056043214044565,
      "5": 0.6117758271438217,
      "7": 0.5241632101861676,
      "10": 0.4216340310600945,
      "20": 0.2471775827143822,
      "50": 0.10728696826468603
    },
    "mrr": 0.7955895794699749,
    "ndcg": 0.7471309017116474,
    "map_score": 0.657691203166301,
    "hit_rate": 0.8795408507765023
  },
  "title_level_metrics": {
    "recall_at_k": {
      "1": 0.3837947332883187,
      "3": 0.6426738690074274,
      "5": 0.6989196488858879,
      "7": 0.725050641458474,
      "10": 0.7435516542876435,
      "20": 0.7435516542876435,
      "50": 0.7435516542876435
    },
    "precision_at_k": {
      "1": 0.7675894665766374,
      "3": 0.4284492460049516,
      "5": 0.27956785955435515,
      "7": 0.2071573261309925,
      "10": 0.14871033085752874,
      "20": 0.07435516542876437,
      "50": 0.029742066171505738
    },
    "mrr": 0.8312694125590816,
    "ndcg": 0.7068615063298974,
    "map_score": 0.6271097392366805,
    "hit_rate": 0.9347738014854828
  },
  "title_recall": 0.7435516542876435,
  "title_precision": 0.17169346108913972
}