{
  "experiment_name": "coarse_vector_retrieval",
  "timestamp": "2026-03-28T19:11:04.763447",
  "config": {
    "vector_store_path": "e:/Code_Personal/Subject/test02/data/hotpotqa/vector_stores/valid_title_sentence",
    "test_data_path": "e:/Code_Personal/Subject/test02/data/hotpotqa/validation-00000-of-00001.parquet",
    "top_k_values": [
      1,
      3,
      5,
      10,
      20,
      50
    ],
    "sample_size": 7405,
    "total_test_samples": 7405
  },
  "metrics": {
    "recall_at_k": {
      "1": 0.054044564483457125,
      "3": 0.06626378573036237,
      "5": 0.06885662840423136,
      "10": 0.07083727211343686,
      "20": 0.07212018906144496,
      "50": 0.07299797434166104
    },
    "precision_at_k": {
      "1": 0.10641458474004051,
      "3": 0.0437542201215395,
      "5": 0.027278865631330182,
      "10": 0.014017555705604322,
      "20": 0.00712356515867657,
      "50": 0.0028818365968939904
    },
    "mrr": 0.11246364631372847,
    "ndcg": 0.07741433096706578,
    "map_score": 0.06409555874786695,
    "hit_rate": 0.12316002700877786,
    "title_recall": 0.07116812964213369,
    "title_precision": 0.0028972457785810496,
    "exact_match": 0.0,
    "f1_score": 0.041212279269858446,
    "semantic_similarity": 0.5163180221907714
  }
}