{
  "experiment_name": "two_hop_expansion",
  "timestamp": "2026-03-29T12:09:21.491350",
  "config": {
    "test_data_path": "e:/Code_Personal/Subject/test02/data/hotpotqa/validation-00000-of-00001.parquet",
    "documents_path": "e:/Code_Personal/Subject/test02/data/hotpotqa/valid_title_sentence.json",
    "use_neo4j": true,
    "top_k_values": [
      1,
      3,
      5,
      10,
      20,
      50
    ],
    "sample_size": 7405,
    "total_test_samples": 7405,
    "graph_stats": {
      "total_nodes": 899091,
      "total_edges": 1183727
    }
  },
  "metrics": {
    "recall_at_k": {
      "1": 0.11336934503713707,
      "3": 0.325050641458474,
      "5": 0.5109385550303849,
      "10": 0.6539500337609723,
      "20": 0.6557056043214045,
      "50": 0.6561107359891964
    },
    "precision_at_k": {
      "1": 0.22673869007427414,
      "3": 0.21670042763898265,
      "5": 0.20437542201215397,
      "10": 0.13079000675219446,
      "20": 0.06557056043214043,
      "50": 0.02624442943956786
    },
    "mrr": 0.43271740413536497,
    "ndcg": 0.43953303849578157,
    "map_score": 0.3136174865810645,
    "hit_rate": 0.8679270762997975,
    "title_recall": 0.6567184334908845,
    "title_precision": 0.017696032079070875,
    "graph_coverage": 0.0005003688281394984,
    "avg_expanded_entities": 449.8771100607697,
    "avg_expanded_edges": 493.7051991897367,
    "exact_match": 0.09665628807364289,
    "f1_score": 0.20883493218019356,
    "semantic_similarity": 0.5788240788611889,
    "recall_improvement": {
      "1": 13.369345037137062,
      "3": 225.050641458474,
      "5": 410.9385550303848,
      "10": 553.9500337609722,
      "20": 555.7056043214044,
      "50": 556.1107359891964
    }
  }
}