{
  "experiment_name": "recalculated_metrics",
  "timestamp": "2026-03-31T17:42:57.490373",
  "source_file": "e:\\Code_Personal\\Subject\\test02\\experiments\\exp5_2hop_expansion\\experiment_details_20260329_120921.json",
  "total_samples": 7405,
  "top_k_values": [
    1,
    3,
    5,
    7,
    10,
    20,
    50
  ],
  "metrics": {
    "recall_at_k": {
      "1": 0.11336934503713707,
      "3": 0.325050641458474,
      "5": 0.5109385550303849,
      "7": 0.6147873058744092,
      "10": 0.6539500337609723,
      "20": 0.6557056043214045,
      "50": 0.6557056043214045
    },
    "precision_at_k": {
      "1": 0.22673869007427414,
      "3": 0.21670042763898265,
      "5": 0.20437542201215397,
      "7": 0.17565351596411685,
      "10": 0.13079000675219446,
      "20": 0.06557056043214043,
      "50": 0.02622822417285618
    },
    "mrr": 0.4327113339807465,
    "ndcg": 0.43943207636072273,
    "map_score": 0.31359221654630165,
    "hit_rate": 0.8679270762997975,
    "title_recall": 0.6557056043214045,
    "title_precision": 0.06817777534962498,
    "exact_match": 0.0964213369345037,
    "f1_score": 0.2083272983139892,
    "semantic_similarity": 0.5774170790746257,
    "recall_improvement": {
      "1": 13.369345037137062,
      "3": 225.050641458474,
      "5": 410.9385550303848,
      "7": 514.7873058744092,
      "10": 553.9500337609722,
      "20": 555.7056043214044,
      "50": 555.7056043214044
    }
  }
}