{
  "experiment_name": "adaptive_strategy_improved_corrected",
  "timestamp": "2026-04-02T15:38:06.106762",
  "correction_note": "数据修正：后处理生成答案并重新计算评估指标",
  "original_config": {
    "test_data_path": "e:/Code_Personal/Subject/test02/data/hotpotqa/validation-00000-of-00001.parquet",
    "documents_path": "e:/Code_Personal/Subject/test02/data/hotpotqa/valid_title_sentence.json",
    "vector_store_paths": {
      "paragraph": "e:/Code_Personal/Subject/test02/data/hotpotqa/vector_stores/valid_title_sentence",
      "sentence": "e:/Code_Personal/Subject/test02/data/hotpotqa/vector_stores/single_sentence"
    },
    "use_neo4j": true,
    "k1": 10,
    "k2": 20,
    "k4": 7,
    "theta1": 10,
    "sample_size": 7405,
    "total_test_samples": 7405,
    "graph_stats": {
      "total_nodes": 899091,
      "total_edges": 1183727
    }
  },
  "original_metrics": {
    "recall_at_k": 0.7674544226873734,
    "precision_at_k": 0.21927269219639234,
    "mrr": 0.8841153017587859,
    "ndcg": 0.7602581476948085,
    "map_score": 0.6975365743866756,
    "hit_rate": 0.9438217420661715,
    "title_recall": 0.7674544226873734,
    "title_precision": 0.2466653805343879,
    "exact_match": 0.424983119513842,
    "f1_score": 0.11483501785299971,
    "semantic_similarity": 0.5706525343643339,
    "avg_vector_latency": 0.34430419067367357,
    "avg_graph_latency": 0.09003486485194709,
    "avg_total_latency": 5.885547607931875,
    "recall_improvement": 667.4544226873734
  },
  "corrected_metrics": {
    "exact_match": 0.35705604321404455,
    "f1_score": 0.47382677189737066,
    "semantic_similarity": 0.5706525343643339,
    "recall": 0.7674544226873734,
    "precision": 0.2466653805343879,
    "mrr": 0.8841153017587859,
    "ndcg": 0.7602581476948085,
    "map_score": 0.6975365743866756,
    "hit_rate": 0.9438217420661715
  },
  "improvement": {
    "exact_match_change": -0.06792707629979744,
    "f1_score_change": 0.35899175404437095,
    "precision_change": 0.027392688337995574
  }
}